fund_id,name,name_cn,portfolio_value,num_holdings,latest_period
AKO,AKO Capital,AKO资本,4292009000.0,22,2026-Q2
AP,AltaRock Partners,AltaRock Partners,4239761000.0,8,2026-Q2
CAS,Clifford Sosin - CAS Investment Partners,CAS投资 (Clifford Sosin),1883136000.0,6,2026-Q2
FPACX,Steven Romick - FPA Crescent Fund,FPA新月基金 (Steven Romick),7108450000.0,65,2025-Q4
FPPTX,FPA Queens Road Small Cap Value Fund,FPA皇后路小盘价值基金,952239000.0,46,2025-Q4
FS,Terry Smith - Fundsmith,Fundsmith (Terry Smith),13648927000.0,41,2026-Q2
MPGFX,Mairs & Power Growth Fund,Mairs & Power增长基金,5523625000.0,46,2025-Q4
tci,Chris Hohn - TCI Fund Management,TCI基金 (Chris Hohn),52769886000.0,11,2026-Q2
T,Torray Funds,Torray基金,673358000.0,88,2026-Q2
VA,ValueAct Capital,ValueAct资本,5634931000.0,18,2026-Q2
abc,David Abrams - Abrams Capital Management,亚伯拉罕资本 (David Abrams),5479746000.0,11,2026-Q2
ic,Carl Icahn - Icahn Capital Management,伊坎资本 (Carl Icahn),8264090000.0,12,2026-Q2
BRK,Warren Buffett - Berkshire Hathaway,伯克希尔·哈撒韦 (Warren Buffett),299253558000.0,29,2026-Q2
fairx,Bruce Berkowitz - Fairholme Capital,公平港资本 (Bruce Berkowitz),1489886000.0,13,2026-Q2
GR,Thomas Russo - Gardner Russo & Quinn,加德纳-鲁索 (Thomas Russo),8925889000.0,84,2026-Q2
CCM,Glenn Greenberg - Brave Warrior Advisors,勇武顾问 (Glenn Greenberg),4588428000.0,40,2026-Q2
KB,Kahn Brothers Group,卡恩兄弟,632676000.0,47,2026-Q2
GC,Francois Rochon - Giverny Capital,吉维尼资本 (Francois Rochon),2974321000.0,51,2026-Q2
ca,Francis Chou - Chou Associates,周氏资本 (Francis Chou),216592000.0,31,2026-Q2
HC,Li Lu - Himalaya Capital Management,喜马拉雅资本 (李录),3702920000.0,8,2026-Q2
cc,William Von Mueffling - Cantillon Capital,坎蒂隆资本 (William Von Mueffling),665115000.0,27,2026-Q2
EC,John Armitage - Egerton Capital,埃格顿资本 (John Armitage),10351358000.0,23,2026-Q2
SA,Christopher Bloomstran - Semper Augustus,塞珀奥古斯都 (Christopher Bloomstran),884605000.0,50,2026-Q2
DA,Pat Dorsey - Dorsey Asset Management,多尔西资管 (Pat Dorsey),1561409000.0,11,2026-Q2
SAM,Michael Burry - Scion Asset Management,大空头资本 (Michael Burry),55001000.0,3,2025-Q3
AIM,Alex Roepers - Atlantic Investment Management,大西洋投资 (Alex Roepers),191968000.0,12,2026-Q2
OFALX,Robert Olstein - Olstein Capital Management,奥尔斯坦资管 (Robert Olstein),458067000.0,99,2026-Q1
LPC,Stephen Mandel - Lone Pine Capital,孤松资本 (Stephen Mandel),16357763000.0,34,2026-Q2
hcmax,Hillman Value Fund,希尔曼价值基金,79748000.0,37,2026-Q1
PI,Mohnish Pabrai - Pabrai Investments,帕布莱投资 (Mohnish Pabrai),326749000.0,4,2026-Q2
ENG,Glenn Welling - Engaged Capital,恩格资本 (Glenn Welling),322915000.0,9,2026-Q2
DAV,Christopher Davis - Davis Advisors,戴维斯顾问 (Christopher Davis),23289544000.0,112,2026-Q2
PC,Norbert Lou - Punch Card Management,打卡资本 (Norbert Lou),255952000.0,5,2026-Q2
CM,Greg Alexander - Conifer Management,松柏资管 (Greg Alexander),606658000.0,6,2026-Q2
FFH,Prem Watsa - Fairfax Financial Holdings,枫信金融 (Prem Watsa),2638454000.0,32,2026-Q2
OCL,Bryan Lawrence - Oakcliff Capital,橡崖资本 (Bryan Lawrence),268453000.0,9,2026-Q2
oaklx,Bill Nygren - Oakmark Select Fund,橡树精选 (Bill Nygren),7788945000.0,24,2025-Q4
oc,Howard Marks - Oaktree Capital Management,橡树资本 (Howard Marks),3778630000.0,51,2026-Q2
HH,Duan Yongping - H&H International Investment,步步高投资 (段永平),19100583000.0,18,2026-Q2
pzfvx,Richard Pzena - Hancock Classic Value,汉考克经典价值 (Richard Pzena),542162000.0,33,2025-Q4
SSHFX,Harry Burn - Sound Shore,滨海基金 (Harry Burn),3247772000.0,40,2026-Q2
psc,Bill Ackman - Pershing Square Capital,潘兴广场 (Bill Ackman),19465694000.0,14,2026-Q2
CAAPX,John Rogers - Ariel Appreciation Fund,爱丽儿升值基金 (John Rogers),884764000.0,42,2025-Q4
ARFFX,Charles Bobrinskoy - Ariel Focus Fund,爱丽儿焦点基金 (Charles Bobrinskoy),74352000.0,28,2025-Q4
mc,Lee Ainslie - Maverick Capital,独行侠资本 (Lee Ainslie),11080522000.0,177,2026-Q2
GFT,Bill & Melinda Gates Foundation Trust,盖茨基金会,34424792000.0,24,2026-Q2
MAVFX,David Katz - Matrix Asset Advisors,矩阵资产 (David Katz),1229781000.0,106,2026-Q2
aq,Guy Spier - Aquamarine Capital,碧水资本 (Guy Spier),144091000.0,7,2026-Q2
FE,First Eagle Investment Management,第一鹰投资,59809757000.0,200,2026-Q2
TA,Third Avenue Management,第三大道,625338000.0,55,2026-Q2
tp,Daniel Loeb - Third Point,第三点 (Daniel Loeb),4566909000.0,38,2026-Q2
LMM,Bill Miller - Miller Value Partners,米勒价值 (Bill Miller),423069000.0,56,2026-Q2
SEQUX,Ruane Cunniff - Sequoia Fund,红杉基金 (Ruane Cunniff),3641573000.0,29,2025-Q4
MVALX,Meridian Contrarian Fund,经络逆向基金,555355000.0,68,2025-Q4
GLRE,David Einhorn - Greenlight Capital,绿光资本 (David Einhorn),3908855000.0,46,2026-Q2
GLC,Josh Tarasoff - Greenlea Lane Capital,绿地巷资本 (Josh Tarasoff),364214000.0,10,2026-Q2
TGM,Chase Coleman - Tiger Global Management,老虎全球 (Chase Coleman),23981508000.0,46,2026-Q2
DCP,Henry Ellenbogen - Durable Capital Partners,耐久资本 (Henry Ellenbogen),10282383000.0,36,2026-Q2
PTNT,Samantha McLemore - Patient Capital Management,耐心资本 (Samantha McLemore),3009566000.0,39,2026-Q2
SP,Dennis Hong - ShawSpring Partners,肖斯普林 (Dennis Hong),232082000.0,11,2026-Q2
JIM,Jensen Investment Management,詹森投资,4125084000.0,83,2026-Q2
CAU,Sarah Ketterer - Causeway Capital Management,通道资管 (Sarah Ketterer),9205912000.0,121,2026-Q2
DODGX,Dodge & Cox,道奇考克斯,117498968000.0,81,2025-Q4
LLPFX,Mason Hawkins - Longleaf Partners,长叶合伙 (Mason Hawkins),998350000.0,21,2025-Q4
AC,Chuck Akre - Akre Capital Management,阿克里资本 (Chuck Akre),5106870000.0,19,2026-Q2
AM,David Tepper - Appaloosa Management,阿帕卢萨 (David Tepper),7471264000.0,25,2026-Q2
WP,David Rolfe - Wedgewood Partners,韦奇伍德 (David Rolfe),484432000.0,18,2026-Q2
WIM,Wallace Weitz - Weitz Investment Management,韦茨投资 (Wallace Weitz),1444222000.0,50,2026-Q2
MKL,Thomas Gayner - Markel Group,马克尔集团 (Thomas Gayner),13130485000.0,130,2026-Q2
MP,Tom Bancroft - Makaira Partners,马凯拉 (Tom Bancroft),127897000.0,11,2025-Q4
